loss,val_loss
0.7750824093818665,0.6612495183944702
0.6291791796684265,0.6043123006820679
0.5763675570487976,0.5603983402252197
0.5462074279785156,0.5389948487281799
0.5283017754554749,0.5245380997657776
0.5155340433120728,0.5134796500205994
0.5055080652236938,0.5044289827346802
0.49766355752944946,0.49767401814460754
0.491423636674881,0.4918438196182251
0.4853402376174927,0.4852660894393921
0.47820496559143066,0.47865498065948486
0.471860408782959,0.47311529517173767
0.4668588936328888,0.46887320280075073
0.4628256559371948,0.46532994508743286
0.4593360424041748,0.4620879590511322
0.4561939239501953,0.45929303765296936
0.4535128176212311,0.45678234100341797
0.4512413442134857,0.4547360837459564
0.44910693168640137,0.45276308059692383
0.447149395942688,0.45107150077819824
0.4454912543296814,0.44977468252182007
0.4441782236099243,0.4487178921699524
0.44312813878059387,0.44786337018013
0.442188024520874,0.4470890164375305
0.4413258135318756,0.4461914300918579
0.44053447246551514,0.44535163044929504
0.4396438002586365,0.4441843032836914
0.43817052245140076,0.441519170999527
0.43541866540908813,0.43724867701530457
0.43170276284217834,0.43185675144195557
0.42749735713005066,0.42651602625846863
0.42384207248687744,0.4224257469177246
0.42133069038391113,0.4200568199157715
0.4197591245174408,0.4186941683292389
0.41871416568756104,0.4177338778972626
0.4179169237613678,0.4170494079589844
0.41725048422813416,0.4164600670337677
0.4166293442249298,0.41590961813926697
0.4160788357257843,0.41538006067276
0.41557878255844116,0.41491907835006714
0.41507047414779663,0.41447702050209045
0.4146496057510376,0.4140385389328003
0.41426944732666016,0.4136086106300354
0.4138741195201874,0.41322335600852966
0.4134775996208191,0.41281217336654663
0.41306552290916443,0.4124029874801636
0.4126170575618744,0.4120473265647888
0.4121820032596588,0.4115445613861084
0.4117431044578552,0.41106244921684265
0.41127926111221313,0.4105657935142517
