Model,Threshold,Precision,Recall,F1,True_Negatives,False_Positives,False_Negatives,True_Positives
XGBoost,0.05,0.5833333333333334,0.8105263157894737,0.6784140969162996,56596,55,18,77
XGBoost,0.060000000000000005,0.6111111111111112,0.8105263157894737,0.6968325791855203,56602,49,18,77
XGBoost,0.07,0.6363636363636364,0.8105263157894737,0.7129629629629629,56607,44,18,77
XGBoost,0.08000000000000002,0.6875,0.8105263157894737,0.7439613526570048,56616,35,18,77
XGBoost,0.09000000000000001,0.7064220183486238,0.8105263157894737,0.7549019607843137,56619,32,18,77
XGBoost,0.1,0.7333333333333333,0.8105263157894737,0.77,56623,28,18,77
XGBoost,0.11000000000000001,0.7333333333333333,0.8105263157894737,0.77,56623,28,18,77
XGBoost,0.12000000000000001,0.7549019607843137,0.8105263157894737,0.7817258883248731,56626,25,18,77
XGBoost,0.13,0.7623762376237624,0.8105263157894737,0.7857142857142857,56627,24,18,77
XGBoost,0.14,0.7623762376237624,0.8105263157894737,0.7857142857142857,56627,24,18,77
XGBoost,0.15000000000000002,0.7623762376237624,0.8105263157894737,0.7857142857142857,56627,24,18,77
XGBoost,0.16000000000000003,0.7777777777777778,0.8105263157894737,0.7938144329896907,56629,22,18,77
XGBoost,0.17000000000000004,0.7938144329896907,0.8105263157894737,0.8020833333333334,56631,20,18,77
XGBoost,0.18000000000000005,0.7938144329896907,0.8105263157894737,0.8020833333333334,56631,20,18,77
XGBoost,0.19,0.8020833333333334,0.8105263157894737,0.806282722513089,56632,19,18,77
XGBoost,0.2,0.8105263157894737,0.8105263157894737,0.8105263157894737,56633,18,18,77
XGBoost,0.21000000000000002,0.8279569892473119,0.8105263157894737,0.8191489361702128,56635,16,18,77
XGBoost,0.22000000000000003,0.8279569892473119,0.8105263157894737,0.8191489361702128,56635,16,18,77
XGBoost,0.23000000000000004,0.8369565217391305,0.8105263157894737,0.8235294117647058,56636,15,18,77
XGBoost,0.24000000000000005,0.8369565217391305,0.8105263157894737,0.8235294117647058,56636,15,18,77
XGBoost,0.25000000000000006,0.8369565217391305,0.8105263157894737,0.8235294117647058,56636,15,18,77
XGBoost,0.26000000000000006,0.8555555555555555,0.8105263157894737,0.8324324324324325,56638,13,18,77
XGBoost,0.27,0.8555555555555555,0.8105263157894737,0.8324324324324325,56638,13,18,77
XGBoost,0.28,0.8539325842696629,0.8,0.8260869565217391,56638,13,19,76
XGBoost,0.29000000000000004,0.8636363636363636,0.8,0.8306010928961749,56639,12,19,76
XGBoost,0.30000000000000004,0.8837209302325582,0.8,0.8397790055248618,56641,10,19,76
XGBoost,0.31000000000000005,0.8837209302325582,0.8,0.8397790055248618,56641,10,19,76
XGBoost,0.32000000000000006,0.8837209302325582,0.8,0.8397790055248618,56641,10,19,76
XGBoost,0.33,0.8837209302325582,0.8,0.8397790055248618,56641,10,19,76
XGBoost,0.34,0.8837209302325582,0.8,0.8397790055248618,56641,10,19,76
XGBoost,0.35000000000000003,0.8837209302325582,0.8,0.8397790055248618,56641,10,19,76
XGBoost,0.36000000000000004,0.8837209302325582,0.8,0.8397790055248618,56641,10,19,76
XGBoost,0.37000000000000005,0.8837209302325582,0.8,0.8397790055248618,56641,10,19,76
XGBoost,0.38000000000000006,0.8837209302325582,0.8,0.8397790055248618,56641,10,19,76
XGBoost,0.39000000000000007,0.8837209302325582,0.8,0.8397790055248618,56641,10,19,76
XGBoost,0.4000000000000001,0.8837209302325582,0.8,0.8397790055248618,56641,10,19,76
XGBoost,0.4100000000000001,0.8823529411764706,0.7894736842105263,0.8333333333333334,56641,10,20,75
XGBoost,0.42000000000000004,0.8823529411764706,0.7894736842105263,0.8333333333333334,56641,10,20,75
XGBoost,0.43000000000000005,0.8823529411764706,0.7894736842105263,0.8333333333333334,56641,10,20,75
XGBoost,0.44000000000000006,0.8823529411764706,0.7894736842105263,0.8333333333333334,56641,10,20,75
XGBoost,0.45000000000000007,0.8928571428571429,0.7894736842105263,0.8379888268156425,56642,9,20,75
XGBoost,0.4600000000000001,0.8928571428571429,0.7894736842105263,0.8379888268156425,56642,9,20,75
XGBoost,0.4700000000000001,0.8928571428571429,0.7894736842105263,0.8379888268156425,56642,9,20,75
XGBoost,0.4800000000000001,0.8928571428571429,0.7894736842105263,0.8379888268156425,56642,9,20,75
XGBoost,0.49000000000000005,0.8928571428571429,0.7894736842105263,0.8379888268156425,56642,9,20,75
XGBoost,0.5000000000000001,0.8928571428571429,0.7894736842105263,0.8379888268156425,56642,9,20,75
XGBoost,0.5100000000000001,0.9036144578313253,0.7894736842105263,0.8426966292134831,56643,8,20,75
XGBoost,0.5200000000000001,0.9146341463414634,0.7894736842105263,0.847457627118644,56644,7,20,75
XGBoost,0.5300000000000001,0.9259259259259259,0.7894736842105263,0.8522727272727273,56645,6,20,75
XGBoost,0.5400000000000001,0.9259259259259259,0.7894736842105263,0.8522727272727273,56645,6,20,75
XGBoost,0.5500000000000002,0.9259259259259259,0.7894736842105263,0.8522727272727273,56645,6,20,75
XGBoost,0.5600000000000002,0.9259259259259259,0.7894736842105263,0.8522727272727273,56645,6,20,75
XGBoost,0.5700000000000002,0.9259259259259259,0.7894736842105263,0.8522727272727273,56645,6,20,75
XGBoost,0.5800000000000002,0.925,0.7789473684210526,0.8457142857142858,56645,6,21,74
XGBoost,0.5900000000000002,0.925,0.7789473684210526,0.8457142857142858,56645,6,21,74
XGBoost,0.6000000000000002,0.925,0.7789473684210526,0.8457142857142858,56645,6,21,74
XGBoost,0.6100000000000001,0.925,0.7789473684210526,0.8457142857142858,56645,6,21,74
XGBoost,0.6200000000000001,0.925,0.7789473684210526,0.8457142857142858,56645,6,21,74
XGBoost,0.6300000000000001,0.925,0.7789473684210526,0.8457142857142858,56645,6,21,74
XGBoost,0.6400000000000001,0.925,0.7789473684210526,0.8457142857142858,56645,6,21,74
XGBoost,0.6500000000000001,0.925,0.7789473684210526,0.8457142857142858,56645,6,21,74
XGBoost,0.6600000000000001,0.9358974358974359,0.7684210526315789,0.8439306358381503,56646,5,22,73
XGBoost,0.6700000000000002,0.9358974358974359,0.7684210526315789,0.8439306358381503,56646,5,22,73
XGBoost,0.6800000000000002,0.935064935064935,0.7578947368421053,0.8372093023255814,56646,5,23,72
XGBoost,0.6900000000000002,0.935064935064935,0.7578947368421053,0.8372093023255814,56646,5,23,72
XGBoost,0.7000000000000002,0.935064935064935,0.7578947368421053,0.8372093023255814,56646,5,23,72
XGBoost,0.7100000000000002,0.9342105263157895,0.7473684210526316,0.8304093567251462,56646,5,24,71
XGBoost,0.7200000000000002,0.9342105263157895,0.7473684210526316,0.8304093567251462,56646,5,24,71
XGBoost,0.7300000000000002,0.9342105263157895,0.7473684210526316,0.8304093567251462,56646,5,24,71
XGBoost,0.7400000000000002,0.9342105263157895,0.7473684210526316,0.8304093567251462,56646,5,24,71
XGBoost,0.7500000000000002,0.9342105263157895,0.7473684210526316,0.8304093567251462,56646,5,24,71
XGBoost,0.7600000000000002,0.9342105263157895,0.7473684210526316,0.8304093567251462,56646,5,24,71
XGBoost,0.7700000000000002,0.9342105263157895,0.7473684210526316,0.8304093567251462,56646,5,24,71
XGBoost,0.7800000000000001,0.9466666666666667,0.7473684210526316,0.8352941176470589,56647,4,24,71
XGBoost,0.7900000000000001,0.9466666666666667,0.7473684210526316,0.8352941176470589,56647,4,24,71
XGBoost,0.8000000000000002,0.9594594594594594,0.7473684210526316,0.8402366863905325,56648,3,24,71
XGBoost,0.8100000000000002,0.9594594594594594,0.7473684210526316,0.8402366863905325,56648,3,24,71
XGBoost,0.8200000000000002,0.9594594594594594,0.7473684210526316,0.8402366863905325,56648,3,24,71
XGBoost,0.8300000000000002,0.9594594594594594,0.7473684210526316,0.8402366863905325,56648,3,24,71
XGBoost,0.8400000000000002,0.9594594594594594,0.7473684210526316,0.8402366863905325,56648,3,24,71
XGBoost,0.8500000000000002,0.9594594594594594,0.7473684210526316,0.8402366863905325,56648,3,24,71
XGBoost,0.8600000000000002,0.9594594594594594,0.7473684210526316,0.8402366863905325,56648,3,24,71
XGBoost,0.8700000000000002,0.9594594594594594,0.7473684210526316,0.8402366863905325,56648,3,24,71
XGBoost,0.8800000000000002,0.9594594594594594,0.7473684210526316,0.8402366863905325,56648,3,24,71
XGBoost,0.8900000000000002,0.9594594594594594,0.7473684210526316,0.8402366863905325,56648,3,24,71
XGBoost,0.9000000000000002,0.9726027397260274,0.7473684210526316,0.8452380952380952,56649,2,24,71
XGBoost,0.9100000000000003,0.9726027397260274,0.7473684210526316,0.8452380952380952,56649,2,24,71
XGBoost,0.9200000000000003,0.9726027397260274,0.7473684210526316,0.8452380952380952,56649,2,24,71
XGBoost,0.9300000000000002,0.9859154929577465,0.7368421052631579,0.8433734939759037,56650,1,25,70
XGBoost,0.9400000000000002,0.9859154929577465,0.7368421052631579,0.8433734939759037,56650,1,25,70
XGBoost,0.9500000000000002,0.9859154929577465,0.7368421052631579,0.8433734939759037,56650,1,25,70
Autoencoder,0.5,0.0074359198670282565,0.8947368421052632,0.014749262536873156,45305,11346,10,85
Autoencoder,0.6,0.010130065032516258,0.8526315789473684,0.020022246941045607,48736,7915,14,81
Autoencoder,0.7,0.013522884882108182,0.8210526315789474,0.026607538802660754,50961,5690,17,78
Autoencoder,0.7999999999999999,0.017994858611825194,0.8105263157894737,0.035208047553726564,52449,4202,18,77
Autoencoder,0.8999999999999999,0.023432744978697503,0.8105263157894737,0.045548654244306416,53442,3209,18,77
Autoencoder,0.9999999999999999,0.029792238337906705,0.8,0.05744520030234316,54176,2475,19,76
Autoencoder,1.0999999999999999,0.03714565004887586,0.8,0.07099486221391874,54681,1970,19,76
Autoencoder,1.1999999999999997,0.04403992953611274,0.7894736842105263,0.08342602892102335,55023,1628,20,75
Autoencoder,1.2999999999999998,0.05193905817174515,0.7894736842105263,0.09746588693957114,55282,1369,20,75
Autoencoder,1.4,0.06009615384615385,0.7894736842105263,0.11169024571854058,55478,1173,20,75
Autoencoder,1.4999999999999998,0.06631299734748011,0.7894736842105263,0.12234910277324633,55595,1056,20,75
Autoencoder,1.5999999999999996,0.07269155206286837,0.7789473684210526,0.132973944294699,55707,944,21,74
Autoencoder,1.6999999999999997,0.08026030368763558,0.7789473684210526,0.1455260570304818,55803,848,21,74
Autoencoder,1.7999999999999998,0.08649289099526067,0.7684210526315789,0.1554845580404686,55880,771,22,73
Autoencoder,1.8999999999999997,0.09407216494845361,0.7684210526315789,0.16762342135476463,55948,703,22,73
Autoencoder,1.9999999999999996,0.10096818810511757,0.7684210526315789,0.1784841075794621,56001,650,22,73
Autoencoder,2.0999999999999996,0.10863095238095238,0.7684210526315789,0.19035202086049544,56052,599,22,73
Autoencoder,2.1999999999999997,0.11442006269592477,0.7684210526315789,0.19918144611186903,56086,565,22,73
Autoencoder,2.3,0.11967213114754098,0.7684210526315789,0.20709219858156028,56114,537,22,73
Autoencoder,2.3999999999999995,0.12586206896551724,0.7684210526315789,0.2162962962962963,56144,507,22,73
Autoencoder,2.4999999999999996,0.13419117647058823,0.7684210526315789,0.22848200312989045,56180,471,22,73
Autoencoder,2.5999999999999996,0.13688212927756654,0.7578947368421053,0.2318840579710145,56197,454,23,72
Autoencoder,2.6999999999999993,0.14314115308151093,0.7578947368421053,0.2408026755852843,56220,431,23,72
Autoencoder,2.7999999999999994,0.14937759336099585,0.7578947368421053,0.24956672443674177,56241,410,23,72
Autoencoder,2.8999999999999995,0.15319148936170213,0.7578947368421053,0.25486725663716814,56253,398,23,72
Autoencoder,2.9999999999999996,0.15789473684210525,0.7578947368421053,0.2613430127041742,56267,384,23,72
Autoencoder,3.0999999999999996,0.16027088036117382,0.7473684210526316,0.26394052044609667,56279,372,24,71
Autoencoder,3.1999999999999993,0.16397228637413394,0.7473684210526316,0.2689393939393939,56289,362,24,71
Autoencoder,3.2999999999999994,0.17233009708737865,0.7473684210526316,0.28007889546351084,56310,341,24,71
Autoencoder,3.3999999999999995,0.17215189873417722,0.7157894736842105,0.27755102040816326,56324,327,27,68
Autoencoder,3.499999999999999,0.17616580310880828,0.7157894736842105,0.28274428274428276,56333,318,27,68
Autoencoder,3.599999999999999,0.18133333333333335,0.7157894736842105,0.28936170212765955,56344,307,27,68
Autoencoder,3.6999999999999993,0.18994413407821228,0.7157894736842105,0.30022075055187636,56361,290,27,68
Autoencoder,3.7999999999999994,0.19484240687679083,0.7157894736842105,0.3063063063063063,56370,281,27,68
Autoencoder,3.8999999999999995,0.2,0.7157894736842105,0.31264367816091954,56379,272,27,68
Autoencoder,3.999999999999999,0.20359281437125748,0.7157894736842105,0.317016317016317,56385,266,27,68
Autoencoder,4.1,0.20552147239263804,0.7052631578947368,0.3182897862232779,56392,259,28,67
Autoencoder,4.199999999999999,0.21035598705501618,0.6842105263157895,0.3217821782178218,56407,244,30,65
Autoencoder,4.299999999999999,0.21070234113712374,0.6631578947368421,0.3197969543147208,56415,236,32,63
Autoencoder,4.399999999999999,0.21180555555555555,0.6421052631578947,0.3185378590078329,56424,227,34,61
Autoencoder,4.499999999999999,0.2099644128113879,0.6210526315789474,0.31382978723404253,56429,222,36,59
Autoencoder,4.599999999999999,0.20577617328519857,0.6,0.3064516129032258,56431,220,38,57
Autoencoder,4.699999999999999,0.20833333333333334,0.5789473684210527,0.3064066852367688,56442,209,40,55
Autoencoder,4.799999999999999,0.21235521235521235,0.5789473684210527,0.3107344632768362,56447,204,40,55
Autoencoder,4.899999999999999,0.2140077821011673,0.5789473684210527,0.3125,56449,202,40,55
Autoencoder,4.999999999999999,0.2125984251968504,0.5684210526315789,0.30945558739255014,56451,200,41,54
Autoencoder,5.099999999999999,0.21686746987951808,0.5684210526315789,0.313953488372093,56456,195,41,54
Autoencoder,5.199999999999999,0.21810699588477367,0.5578947368421052,0.3136094674556213,56461,190,42,53
Autoencoder,5.299999999999999,0.22083333333333333,0.5578947368421052,0.3164179104477612,56464,187,42,53
Autoencoder,5.399999999999999,0.21794871794871795,0.5368421052631579,0.3100303951367781,56468,183,44,51
Autoencoder,5.499999999999999,0.22666666666666666,0.5368421052631579,0.31875,56477,174,44,51
Autoencoder,5.599999999999999,0.23076923076923078,0.5368421052631579,0.3227848101265823,56481,170,44,51
Autoencoder,5.699999999999999,0.24056603773584906,0.5368421052631579,0.3322475570032573,56490,161,44,51
Autoencoder,5.799999999999999,0.2403846153846154,0.5263157894736842,0.33003300330033003,56493,158,45,50
Autoencoder,5.899999999999999,0.24390243902439024,0.5263157894736842,0.3333333333333333,56496,155,45,50
Autoencoder,5.999999999999999,0.24378109452736318,0.5157894736842106,0.3310810810810811,56499,152,46,49
Autoencoder,6.099999999999999,0.25257731958762886,0.5157894736842106,0.3391003460207612,56506,145,46,49
Autoencoder,6.199999999999998,0.2538860103626943,0.5157894736842106,0.3402777777777778,56507,144,46,49
Autoencoder,6.299999999999999,0.24731182795698925,0.4842105263157895,0.3274021352313167,56511,140,49,46
Autoencoder,6.399999999999999,0.24864864864864866,0.4842105263157895,0.32857142857142857,56512,139,49,46
Autoencoder,6.499999999999998,0.25,0.4842105263157895,0.32974910394265233,56513,138,49,46
Autoencoder,6.599999999999999,0.24861878453038674,0.47368421052631576,0.32608695652173914,56515,136,50,45
Autoencoder,6.699999999999998,0.25,0.47368421052631576,0.32727272727272727,56516,135,50,45
Autoencoder,6.799999999999999,0.2556818181818182,0.47368421052631576,0.33210332103321033,56520,131,50,45
Autoencoder,6.899999999999999,0.25862068965517243,0.47368421052631576,0.3345724907063197,56522,129,50,45
Autoencoder,6.999999999999998,0.2603550295857988,0.4631578947368421,0.3333333333333333,56526,125,51,44
Autoencoder,7.099999999999999,0.2606060606060606,0.45263157894736844,0.33076923076923076,56529,122,52,43
Autoencoder,7.199999999999998,0.25766871165644173,0.4421052631578947,0.32558139534883723,56530,121,53,42
Autoencoder,7.299999999999999,0.2641509433962264,0.4421052631578947,0.33070866141732286,56534,117,53,42
Autoencoder,7.399999999999999,0.2611464968152866,0.43157894736842106,0.3253968253968254,56535,116,54,41
Autoencoder,7.499999999999998,0.2679738562091503,0.43157894736842106,0.33064516129032256,56539,112,54,41
Autoencoder,7.599999999999999,0.2827586206896552,0.43157894736842106,0.3416666666666667,56547,104,54,41
Autoencoder,7.699999999999998,0.2907801418439716,0.43157894736842106,0.3474576271186441,56551,100,54,41
Autoencoder,7.799999999999998,0.29285714285714287,0.43157894736842106,0.34893617021276596,56552,99,54,41
Autoencoder,7.899999999999999,0.2971014492753623,0.43157894736842106,0.351931330472103,56554,97,54,41
Autoencoder,7.999999999999998,0.3037037037037037,0.43157894736842106,0.3565217391304348,56557,94,54,41
Autoencoder,8.099999999999998,0.3082706766917293,0.43157894736842106,0.35964912280701755,56559,92,54,41
Autoencoder,8.2,0.31297709923664124,0.43157894736842106,0.36283185840707965,56561,90,54,41
Autoencoder,8.299999999999997,0.3153846153846154,0.43157894736842106,0.36444444444444446,56562,89,54,41
Autoencoder,8.399999999999999,0.3203125,0.43157894736842106,0.36771300448430494,56564,87,54,41
Autoencoder,8.499999999999998,0.3253968253968254,0.43157894736842106,0.37104072398190047,56566,85,54,41
Autoencoder,8.599999999999998,0.32786885245901637,0.42105263157894735,0.3686635944700461,56569,82,55,40
Autoencoder,8.699999999999998,0.3389830508474576,0.42105263157894735,0.3755868544600939,56573,78,55,40
Autoencoder,8.799999999999999,0.3333333333333333,0.4,0.36363636363636365,56575,76,57,38
Autoencoder,8.899999999999999,0.3333333333333333,0.4,0.36363636363636365,56575,76,57,38
Autoencoder,8.999999999999998,0.33035714285714285,0.3894736842105263,0.357487922705314,56576,75,58,37
Autoencoder,9.099999999999998,0.3394495412844037,0.3894736842105263,0.3627450980392157,56579,72,58,37
Autoencoder,9.199999999999998,0.33962264150943394,0.37894736842105264,0.3582089552238806,56581,70,59,36
Autoencoder,9.299999999999997,0.34615384615384615,0.37894736842105264,0.36180904522613067,56583,68,59,36
Autoencoder,9.399999999999999,0.34615384615384615,0.37894736842105264,0.36180904522613067,56583,68,59,36
Autoencoder,9.499999999999998,0.3465346534653465,0.3684210526315789,0.35714285714285715,56585,66,60,35
Autoencoder,9.599999999999998,0.3465346534653465,0.3684210526315789,0.35714285714285715,56585,66,60,35
Autoencoder,9.699999999999998,0.3465346534653465,0.3684210526315789,0.35714285714285715,56585,66,60,35
Autoencoder,9.799999999999997,0.3434343434343434,0.35789473684210527,0.35051546391752575,56586,65,61,34
Autoencoder,9.899999999999999,0.3469387755102041,0.35789473684210527,0.35233160621761656,56587,64,61,34
Autoencoder,9.999999999999998,0.3469387755102041,0.35789473684210527,0.35233160621761656,56587,64,61,34
Autoencoder,10.099999999999998,0.35106382978723405,0.3473684210526316,0.3492063492063492,56590,61,62,33
Autoencoder,10.199999999999998,0.358695652173913,0.3473684210526316,0.35294117647058826,56592,59,62,33
Autoencoder,10.299999999999997,0.3626373626373626,0.3473684210526316,0.3548387096774194,56593,58,62,33
Autoencoder,10.399999999999999,0.3707865168539326,0.3473684210526316,0.358695652173913,56595,56,62,33
Autoencoder,10.499999999999998,0.375,0.3473684210526316,0.36065573770491804,56596,55,62,33
Autoencoder,10.599999999999998,0.375,0.3473684210526316,0.36065573770491804,56596,55,62,33
Autoencoder,10.699999999999998,0.3793103448275862,0.3473684210526316,0.3626373626373626,56597,54,62,33
Autoencoder,10.799999999999997,0.3793103448275862,0.3473684210526316,0.3626373626373626,56597,54,62,33
Autoencoder,10.899999999999999,0.38372093023255816,0.3473684210526316,0.36464088397790057,56598,53,62,33
Autoencoder,10.999999999999998,0.38823529411764707,0.3473684210526316,0.36666666666666664,56599,52,62,33
Autoencoder,11.099999999999998,0.39285714285714285,0.3473684210526316,0.3687150837988827,56600,51,62,33
Autoencoder,11.199999999999998,0.39759036144578314,0.3473684210526316,0.3707865168539326,56601,50,62,33
Autoencoder,11.299999999999997,0.39759036144578314,0.3473684210526316,0.3707865168539326,56601,50,62,33
Autoencoder,11.399999999999997,0.39759036144578314,0.3473684210526316,0.3707865168539326,56601,50,62,33
Autoencoder,11.499999999999998,0.4024390243902439,0.3473684210526316,0.3728813559322034,56602,49,62,33
Autoencoder,11.599999999999998,0.4024390243902439,0.3473684210526316,0.3728813559322034,56602,49,62,33
Autoencoder,11.699999999999998,0.4024390243902439,0.3473684210526316,0.3728813559322034,56602,49,62,33
Autoencoder,11.799999999999997,0.3950617283950617,0.3368421052631579,0.36363636363636365,56602,49,63,32
Autoencoder,11.899999999999997,0.3950617283950617,0.3368421052631579,0.36363636363636365,56602,49,63,32
Autoencoder,11.999999999999998,0.3950617283950617,0.3368421052631579,0.36363636363636365,56602,49,63,32
Autoencoder,12.099999999999998,0.41025641025641024,0.3368421052631579,0.3699421965317919,56605,46,63,32
Autoencoder,12.199999999999998,0.4155844155844156,0.3368421052631579,0.37209302325581395,56606,45,63,32
Autoencoder,12.299999999999997,0.42105263157894735,0.3368421052631579,0.3742690058479532,56607,44,63,32
Autoencoder,12.399999999999997,0.42105263157894735,0.3368421052631579,0.3742690058479532,56607,44,63,32
Autoencoder,12.499999999999996,0.410958904109589,0.3157894736842105,0.35714285714285715,56608,43,65,30
Autoencoder,12.599999999999998,0.4166666666666667,0.3157894736842105,0.3592814371257485,56609,42,65,30
Autoencoder,12.699999999999998,0.4166666666666667,0.3157894736842105,0.3592814371257485,56609,42,65,30
Autoencoder,12.799999999999997,0.4166666666666667,0.3157894736842105,0.3592814371257485,56609,42,65,30
Autoencoder,12.899999999999997,0.4225352112676056,0.3157894736842105,0.3614457831325301,56610,41,65,30
Autoencoder,12.999999999999996,0.4225352112676056,0.3157894736842105,0.3614457831325301,56610,41,65,30
Autoencoder,13.099999999999998,0.4225352112676056,0.3157894736842105,0.3614457831325301,56610,41,65,30
Autoencoder,13.199999999999998,0.4225352112676056,0.3157894736842105,0.3614457831325301,56610,41,65,30
Autoencoder,13.299999999999997,0.4225352112676056,0.3157894736842105,0.3614457831325301,56610,41,65,30
Autoencoder,13.399999999999997,0.42857142857142855,0.3157894736842105,0.36363636363636365,56611,40,65,30
Autoencoder,13.499999999999996,0.4411764705882353,0.3157894736842105,0.36809815950920244,56613,38,65,30
Autoencoder,13.599999999999998,0.4411764705882353,0.3157894736842105,0.36809815950920244,56613,38,65,30
Autoencoder,13.699999999999998,0.4411764705882353,0.3157894736842105,0.36809815950920244,56613,38,65,30
Autoencoder,13.799999999999997,0.44776119402985076,0.3157894736842105,0.37037037037037035,56614,37,65,30
Autoencoder,13.899999999999997,0.45454545454545453,0.3157894736842105,0.37267080745341613,56615,36,65,30
Autoencoder,13.999999999999996,0.46153846153846156,0.3157894736842105,0.375,56616,35,65,30
Autoencoder,14.099999999999998,0.46153846153846156,0.3157894736842105,0.375,56616,35,65,30
Autoencoder,14.199999999999998,0.4838709677419355,0.3157894736842105,0.3821656050955414,56619,32,65,30
Autoencoder,14.299999999999997,0.4838709677419355,0.3157894736842105,0.3821656050955414,56619,32,65,30
Autoencoder,14.399999999999997,0.4838709677419355,0.3157894736842105,0.3821656050955414,56619,32,65,30
Autoencoder,14.499999999999996,0.47540983606557374,0.30526315789473685,0.3717948717948718,56619,32,66,29
Autoencoder,14.599999999999996,0.47540983606557374,0.30526315789473685,0.3717948717948718,56619,32,66,29
Autoencoder,14.699999999999998,0.47540983606557374,0.30526315789473685,0.3717948717948718,56619,32,66,29
Autoencoder,14.799999999999997,0.48333333333333334,0.30526315789473685,0.3741935483870968,56620,31,66,29
Autoencoder,14.899999999999997,0.48333333333333334,0.30526315789473685,0.3741935483870968,56620,31,66,29
Autoencoder,14.999999999999996,0.48333333333333334,0.30526315789473685,0.3741935483870968,56620,31,66,29
Autoencoder,15.099999999999996,0.48333333333333334,0.30526315789473685,0.3741935483870968,56620,31,66,29
Autoencoder,15.199999999999998,0.4915254237288136,0.30526315789473685,0.37662337662337664,56621,30,66,29
Autoencoder,15.299999999999997,0.4915254237288136,0.30526315789473685,0.37662337662337664,56621,30,66,29
Autoencoder,15.399999999999997,0.4915254237288136,0.30526315789473685,0.37662337662337664,56621,30,66,29
Autoencoder,15.499999999999996,0.4915254237288136,0.30526315789473685,0.37662337662337664,56621,30,66,29
Autoencoder,15.599999999999996,0.5,0.30526315789473685,0.3790849673202614,56622,29,66,29
Autoencoder,15.699999999999996,0.49122807017543857,0.29473684210526313,0.3684210526315789,56622,29,67,28
Autoencoder,15.799999999999997,0.49122807017543857,0.29473684210526313,0.3684210526315789,56622,29,67,28
Autoencoder,15.899999999999997,0.5,0.29473684210526313,0.3708609271523179,56623,28,67,28
Autoencoder,15.999999999999996,0.509090909090909,0.29473684210526313,0.37333333333333335,56624,27,67,28
Autoencoder,16.099999999999994,0.5,0.28421052631578947,0.3624161073825503,56624,27,68,27
Autoencoder,16.199999999999996,0.5094339622641509,0.28421052631578947,0.36486486486486486,56625,26,68,27
Autoencoder,16.299999999999997,0.5094339622641509,0.28421052631578947,0.36486486486486486,56625,26,68,27
Autoencoder,16.4,0.5,0.2736842105263158,0.35374149659863946,56625,26,69,26
Autoencoder,16.499999999999996,0.5,0.2736842105263158,0.35374149659863946,56625,26,69,26
Autoencoder,16.599999999999998,0.48,0.25263157894736843,0.3310344827586207,56625,26,71,24
Autoencoder,16.699999999999996,0.48,0.25263157894736843,0.3310344827586207,56625,26,71,24
Autoencoder,16.799999999999997,0.48,0.25263157894736843,0.3310344827586207,56625,26,71,24
Autoencoder,16.899999999999995,0.48,0.25263157894736843,0.3310344827586207,56625,26,71,24
Autoencoder,16.999999999999996,0.48,0.25263157894736843,0.3310344827586207,56625,26,71,24
Autoencoder,17.099999999999998,0.4897959183673469,0.25263157894736843,0.3333333333333333,56626,25,71,24
Autoencoder,17.199999999999996,0.4791666666666667,0.24210526315789474,0.32167832167832167,56626,25,72,23
Autoencoder,17.299999999999997,0.4791666666666667,0.24210526315789474,0.32167832167832167,56626,25,72,23
Autoencoder,17.399999999999995,0.4791666666666667,0.24210526315789474,0.32167832167832167,56626,25,72,23
Autoencoder,17.499999999999996,0.48936170212765956,0.24210526315789474,0.323943661971831,56627,24,72,23
Autoencoder,17.599999999999998,0.48936170212765956,0.24210526315789474,0.323943661971831,56627,24,72,23
Autoencoder,17.699999999999996,0.48936170212765956,0.24210526315789474,0.323943661971831,56627,24,72,23
Autoencoder,17.799999999999997,0.48936170212765956,0.24210526315789474,0.323943661971831,56627,24,72,23
Autoencoder,17.899999999999995,0.4782608695652174,0.23157894736842105,0.3120567375886525,56627,24,73,22
Autoencoder,17.999999999999996,0.4666666666666667,0.22105263157894736,0.3,56627,24,74,21
Autoencoder,18.099999999999994,0.4772727272727273,0.22105263157894736,0.302158273381295,56628,23,74,21
Autoencoder,18.199999999999996,0.4772727272727273,0.22105263157894736,0.302158273381295,56628,23,74,21
Autoencoder,18.299999999999997,0.4772727272727273,0.22105263157894736,0.302158273381295,56628,23,74,21
Autoencoder,18.399999999999995,0.4772727272727273,0.22105263157894736,0.302158273381295,56628,23,74,21
Autoencoder,18.499999999999996,0.4772727272727273,0.22105263157894736,0.302158273381295,56628,23,74,21
Autoencoder,18.599999999999994,0.4772727272727273,0.22105263157894736,0.302158273381295,56628,23,74,21
Autoencoder,18.699999999999996,0.4772727272727273,0.22105263157894736,0.302158273381295,56628,23,74,21
Autoencoder,18.799999999999997,0.4772727272727273,0.22105263157894736,0.302158273381295,56628,23,74,21
Autoencoder,18.899999999999995,0.4883720930232558,0.22105263157894736,0.30434782608695654,56629,22,74,21
Autoencoder,18.999999999999996,0.4883720930232558,0.22105263157894736,0.30434782608695654,56629,22,74,21
Autoencoder,19.099999999999994,0.4883720930232558,0.22105263157894736,0.30434782608695654,56629,22,74,21
Autoencoder,19.199999999999996,0.4883720930232558,0.22105263157894736,0.30434782608695654,56629,22,74,21
Autoencoder,19.299999999999997,0.4883720930232558,0.22105263157894736,0.30434782608695654,56629,22,74,21
Autoencoder,19.399999999999995,0.4883720930232558,0.22105263157894736,0.30434782608695654,56629,22,74,21
Autoencoder,19.499999999999996,0.4883720930232558,0.22105263157894736,0.30434782608695654,56629,22,74,21
Autoencoder,19.599999999999994,0.4883720930232558,0.22105263157894736,0.30434782608695654,56629,22,74,21
Autoencoder,19.699999999999996,0.4883720930232558,0.22105263157894736,0.30434782608695654,56629,22,74,21
Autoencoder,19.799999999999997,0.4883720930232558,0.22105263157894736,0.30434782608695654,56629,22,74,21
Autoencoder,19.899999999999995,0.4883720930232558,0.22105263157894736,0.30434782608695654,56629,22,74,21
Autoencoder,19.999999999999996,0.4883720930232558,0.22105263157894736,0.30434782608695654,56629,22,74,21
